<?xml version="1.0" encoding="UTF-8"?>
<configuration scan="true">

    <!-- 공통 설정 property -->
    <property name="LOG_PATH" value="app-logs"/>
    <property name="LOG_PATTERN" value="%d{yyyy-MM-dd HH:mm:ss} [%highlight(%-5level)] %logger{36} - %msg%n"/>

    <!-- 콘솔 출력 -->
    <appender name="CONSOLE" class="ch.qos.logback.core.ConsoleAppender">
        <encoder>
            <pattern>${LOG_PATTERN}</pattern>
        </encoder>
    </appender>

    <!-- 전체 로그 (INFO 이상) -->
    <appender name="FILE_ALL" class="ch.qos.logback.core.rolling.RollingFileAppender">
        <file>${LOG_PATH}/staystylish.log</file>
        <rollingPolicy class="ch.qos.logback.core.rolling.TimeBasedRollingPolicy">
            <fileNamePattern>${LOG_PATH}/staystylish.%d{yyyy-MM-dd}.log</fileNamePattern>
            <maxHistory>7</maxHistory> <!-- 최근 7일 보관 -->
        </rollingPolicy>
        <encoder>
            <pattern>${LOG_PATTERN}</pattern>
        </encoder>
    </appender>

    <!-- 에러 로그 (ERROR 전용) -->
    <appender name="FILE_ERROR" class="ch.qos.logback.core.rolling.RollingFileAppender">
        <file>${LOG_PATH}/error.log</file>
        <rollingPolicy class="ch.qos.logback.core.rolling.TimeBasedRollingPolicy">
            <fileNamePattern>${LOG_PATH}/error.%d{yyyy-MM-dd}.log</fileNamePattern>
            <maxHistory>14</maxHistory> <!-- 최근 14일 보관 -->
        </rollingPolicy>
        <filter class="ch.qos.logback.classic.filter.LevelFilter">
            <level>ERROR</level>
            <onMatch>ACCEPT</onMatch>
            <onMismatch>DENY</onMismatch>
        </filter>
        <encoder>
            <pattern>${LOG_PATTERN}</pattern>
        </encoder>
    </appender>

    <!-- 패키지별 로그 레벨 지정 -->
    <!-- Spring 관련 로그는 INFO, Hibernate SQL 로그는 DEBUG, 우리 앱 로그는 DEBUG -->
    <logger name="org.springframework.web" level="INFO"/>
    <logger name="org.hibernate.SQL" level="DEBUG"/>
    <logger name="org.example.staystylish" level="DEBUG"/>

    <!-- 루트 로거 (INFO 이상만 기록) -->
    <root level="INFO">
        <appender-ref ref="CONSOLE"/>
        <appender-ref ref="FILE_ALL"/>
        <appender-ref ref="FILE_ERROR"/>
    </root>

</configuration>
